"key","en","es-ES","es-LA","ca","zh-CN","zh-TW","ja","it","de","fr","pt-PT","ru","pt-BR","pl","tr","eu","oc","th","ko", "cs"
"loadImage","Import Image [I]","Importar imagen [I]","Importar imagen [I]","Importar Imatge [I]","导入图像 [I]","導入圖像 [I]","画像をインポート [I]","Importa immagine [I]","Bild importieren [I]","Importer une image [I]","Importar Imagem [I]","Импорт Изображения [I]","Importar Imagem [I]","Importuj Obraz [I]","Resim İçe Aktar [I]","Irudia Inportatu [I]","Importar Imatge [I]","นำเข้ารูป [I]","","1"
"paletteViewer","Palette Viewer","Visor de paleta","Visor de paleta","Visor de Paleta","调色板查看器","調色板檢視器","パレットビューア","Visualizzatore di palette","Paletten‑Ansicht","Visualiseur de palette","Visualizador de Paleta","Просмотр Палитры","Visualizador de Paleta","Podgląd Palety","Palet Görüntüleyici","Paleta Ikustailea","Visualizador de Paleta","ดูจานสี","","1"
"changeResolution","Change Resolution [R]","Cambiar resolución [R]","Cambiar resolución [R]","Canviar Resolució [R]","更改分辨率 [R]","更改解析度 [R]","解像度を変更 [R]","Cambia risoluzione [R]","Auflösung ändern [R]","Changer la résolution [R]","Alterar Resolução [R]","Изменить Разрешение [R]","Alterar Resolução [R]","Zmień Rozdzielczość [R]","Çözünürlüğü Değiştir [R]","Bereizmena Aldatu [R]","Cambiar Resolucion [R]","เปลี่ยนความละเอียด [R]","","1"
"changeGrids","Change Grids [G]","Cambiar rejillas [G]","Cambiar rejillas [G]","Canviar Quadrícules [G]","更改网格 [G]","更改網格 [G]","グリッドを変更 [G]","Cambia griglie [G]","Raster ändern [G]","Changer les grilles [G]","Alterar Grelhas [G]","Изменить Сетки [G]","Alterar Grades [G]","Zmień Siatki [G]","Izgara Değiştir [G]","Saretiak Aldatu [G]","Cambiar Grilhas [G]","เปลี่ยนเส้นตาราง [G]","","1"
"settings","Settings","Ajustes","Ajustes","Configuració","设置","設定","設定","Impostazioni","Einstellungen","Paramètres","Definições","Настройки","Configurações","Ustawienia","Ayarlar","Ezarpenak","Configuracion","การตั้งค่า","","1"
"exportImage","Export Image [E]","Exportar imagen [E]","Exportar imagen [E]","Exportar Imatge [E]","导出图像 [E]","匯出圖像 [E]","画像をエクスポート [E]","Esporta immagine [E]","Bild exportieren [E]","Exporter l’image [E]","Exportar Imagem [E]","Экспорт Изображения [E]","Exportar Imagem [E]","Eksportuj Obraz [E]","Resim Dışa Aktar [E]","Irudia Esportatu [E]","Exportar Imatge [E]","ส่งออกรูป [E]","","1"
"preview","Preview","Vista previa","Vista previa","Vista Prèvia","预览","預覽","プレビュー","Anteprima","Vorschau","Aperçu","Pré-visualização","Предпросмотр","Visualização","Podgląd","Önizleme","Aurrebista","Vista Prèvia","ดูตัวอย่าง","","1"
"appTitle","Deliaxe Paint","","","","","","","","","","","","","","","","","","","1"
"appSubtitle","Retro pixel art support suite","","","","","","","","","","","","","","","","","","","1"
"copyright","© 2025","","","","","","","","","","","","","","","","","","","1"
"company","Anarkade","","","","","","","","","","","","","","","","","","","1"
"uploadImage","Upload Image","","","","","","","","","","","","","","","","","","","1"
"dragDropText","Load, drag and drop or paste an image","Cargar, arrastrar y soltar o pegar una imagen","Carrega, arrossega i deixa anar o enganxa una imatge","加载、拖放或粘贴一张图片","載入、拖放或貼上圖片","画像を読み込む、ドラッグ＆ドロップ、または貼り付け","Carica, trascina e rilascia o incolla un’immagine","Bild laden, per Drag-and-drop ablegen oder einfügen","Charger, glisser‑déposer ou coller une image","Carregar, arrastar e largar ou colar uma imagem","Загрузите, перетащите или вставьте изображение","Carregar, arrastar e soltar ou colar uma imagem","Wczytaj, przeciągnij i upuść lub wklej obraz","Bir görsel yükleyin, sürükleyip bırakın veya yapıştırın","Kargatu, arrastatu eta jaregin edo itsatsi irudia","Cargar, lisar‑depausar o pegar una imatge","โหลด ลากแล้ววาง หรือวางภาพจากคลิปบอร์ด","","","1"
"orText","or","","","","","","","","","","","","","","","","","","","1"
"loadFromUrl","Load from URL","","","","","","","","","","","","","","","","","","","1"
"loadFromCamera","Load from Camera","","","","","","","","","","","","","","","","","","","1"
"enterImageUrl","Enter image URL...","","","","","","","","","","","","","","","","","","","1"
"loadUrl","Load URL","","","","","","","","","","","","","","","","","","","1"
"uploadFile","Upload File","","Subir archivo","Pujar fitxer","","","ファイルアップロード","","Datei hochladen","Télécharger fichier","","","","","","","","","","1"
"fromUrl","From URL","","Desde URL","Desde URL","","","URLから","","Von URL","Depuis URL","","","","","","","","","","1"
"camera","Camera","","Cámara","Càmera","","","カメラ","","Kamera","Caméra","","","","","","","","","","1"
"capture","Capture","","","","","","","","","","","","","","","","","","","1"
"switchCamera","Switch Camera","","","","","","","","","","","","","","","","","","","1"
"close","Close","","","","","","","","","","","","","","","","","","","1"
"selectPalette","Change Palette [P]","","","","","","","","","","","","","","","","","","","1"
"originalPalette","Original","","","","","","","","","","","","","","","","","","","1"
"gameBoy","Game Boy (GB Studio sprites)","","","","","","","","","","","","","","","","","","","1"
"gameBoyBg","Game Boy (GB Studio backgrounds)","","","","","","","","","","","","","","","","","","","1"
"megaDriveSingle","Mega Drive Single (16 colors)","","","","","","","","","","","","","","","","","","","1"
"megaDriveMulti","Mega Drive Multi (64 colors)","","","","","","","","","","","","","","","","","","","1"
"neoGeoSingle","Neo Geo Single (16 colors)","","","","","","","","","","","","","","","","","","","1"
"neoGeoMulti","Neo Geo Multi (256 colors)","","","","","","","","","","","","","","","","","","","1"
"zxSpectrum","ZX Spectrum (16 colors)","","","","","","","","","","","","","","","","","","","1"
"undo","Undo","","","","","","","","","","","","","","","","","","","1"
"redo","Redo","","","","","","","","","","","","","","","","","","","1"
"consolePlatform","Console/Platform","","","","","","","","","","","","","","","","","","","1"
"paletteColors","Palette Colors","","","","","","","","","","","","","","","","","","","1"
"colorPalette","Color palette","","","","","","","","","","","","","","","","","","","1"
"extractColors","Extract Colors","","","","","","","","","","","","","","","","","","","1"
"dragToReorder","Drag to reorder","","","","","","","","","","","","","","","","","","","1"
"clickToChange","Click colors to change them","","","","","","","","","","","","","","","","","","","1"
"paletteInstructions","Click a color to modify it or drag it to change its palette position","","","","","","","","","","","","","","","","","","","1"
"loadImageDesc","Load, drag and drop or paste an image","Cargar, arrastrar y soltar o pegar una imagen","Carrega, arrossega i deixa anar o enganxa una imatge","加载、拖放或粘贴一张图片","載入、拖放或貼上圖片","画像を読み込む、ドラッグ＆ドロップ、または貼り付け","Carica, trascina e rilascia o incolla un’immagine","Bild laden, per Drag-and-drop ablegen oder einfügen","Charger, glisser‑déposer ou coller une image","Carregar, arrastar e largar ou colar uma imagem","Загрузите, перетащите или вставьте изображение","Carregar, arrastar e soltar ou colar uma imagem","Wczytaj, przeciągnij i upuść lub wklej obraz","Bir görsel yükleyin, sürükleyip bırakın veya yapıştırın","Kargatu, arrastatu eta jaregin edo itsatsi irudia","Cargar, lisar‑depausar o pegar una imatge","โหลด ลากแล้ววาง หรือวางภาพจากคลิปบอร์ด","","","1"
"changePaletteDesc","Select a retro platform color palette to apply","Selecciona una paleta de colores retro para aplicar","Selecciona una paleta de colors de plataforma retro per aplicar","选择要应用的复古平台调色板","選擇要套用的復古平台調色盤","適用するレトロ機種のカラーパレットを選択","Seleziona una tavolozza di colori di piattaforme retrò da applicare","Eine Retro‑Plattform‑Farbpalette zum Anwenden auswählen","Sélectionner une palette de couleurs de plateforme rétro à appliquer","Selecionar uma paleta de cores de plataforma retro para aplicar","Выберите палитру цветов ретро‑платформы для применения","Selecionar uma paleta de cores de plataforma retrô para aplicar","Wybierz paletę kolorów retro‑platformy do zastosowania","Uygulamak için retro platform renk paletini seçin","Aplikatzeko plataforma retroetako kolore‑paleta bat aukeratu","Seleccionar una paleta de colors de plataforma retro d’aplicar","เลือกจานสีของแพลตฟอร์มยุคเก่าเพื่อใช้งาน","","","1"
"changeResolutionDesc","Choose target resolution and scaling mode","Elige la resolución objetivo y el modo de escalado","Tria la resolució objectiu i el mode d’escalat","选择目标分辨率和缩放模式","選擇目標解析度與縮放模式","目標解像度とスケーリング方式を選択","Scegli la risoluzione di destinazione e la modalità di scalatura","Zielauflösung und Skalierungsmodus wählen","Choisir la résolution cible et le mode d’échelle","Escolher a resolução‑alvo e o modo de escala","Выберите целевое разрешение и режим масштабирования","Escolher a resolução alvo e o modo de escala","Wybierz docelową rozdzielczość i tryb skalowania","Hedef çözünürlüğü ve ölçekleme modunu seçin","Hautatu helburuko bereizmena eta eskalatze modua","Causir la resolucion cibla e lo mòde d’escala","เลือกความละเอียดเป้าหมายและโหมดการปรับสเกล","","","1"
"changeGridsDesc","Configure tile and frame grid overlays","Configura las rejillas de tiles y frames","Configura les quadrícules de tiles i de fotogrames","配置方块和帧网格叠加","設定方塊格線與影格格線疊加","タイルグリッドとフレームグリッドのオーバーレイを設定","Configura le griglie di tile e di frame","Kachel‑ und Frame‑Raster‑Overlays konfigurieren","Configurer les grilles de tuiles et de cadres","Configurar as grelhas de tiles e de frames","Настройте оверлеи сеток тайлов и кадров","Configurar as grades de tiles e de quadros","Skonfiguruj nakładki siatek kafelków i klatek","Döşeme ve kare ızgara kaplamalarını yapılandırın","Konfiguratu tile eta frame sareta gainjarriak","Configurar las grasilhas de tiles e de quadres","ตั้งค่าโอเวอร์เลย์เส้นตารางไทล์และเฟรม","","","1"
"exportImageDesc","Download or share your processed image","Descarga o comparte tu imagen procesada","Descarrega o comparteix la teva imatge processada","下载或分享您处理过的图像","下載或分享處理後的圖片","処理した画像をダウンロードまたは共有","Scarica o condividi l’immagine elaborata","Verarbeitetes Bild herunterladen oder teilen","Télécharger ou partager votre image traitée","Transferir ou partilhar a imagem processada","Скачайте или поделитесь обработанным изображением","Baixar ou compartilhar a imagem processada","Pobierz lub udostępnij przetworzony obraz","İşlenmiş görseli indirin veya paylaşın","Deskargatu edo partekatu prozesatutako irudia","Telecargar o partejar vòstra imatge tractada","ดาวน์โหลดหรือแชร์รูปภาพที่ประมวลผลแล้ว","","","1"
"colorsPalette","colors palette","paleta de colores","paleta de colors","颜色调色板","顏色調色板","カラーパレット","tavolozza di colori","Farbpalette","palette de couleurs","paleta de cores","цветовая палитра","paleta de cores","paleta kolorów","renk paleti","kolore paleta","paleta de colors","พาเลทสี","","","1"
"paletteWithCount","{count} colors palette","paleta de {count} colores","paleta de {count} colors","{count}色调色板","{count}色調色板","{count}色パレット","tavolozza di {count} colori","{count} Farben Palette","palette de {count} couleurs","paleta de {count} cores","палитра из {count} цветов","","","","","","","","","1"
"processImageFirst","Process an image first to enable export options","","","","","","","","","","","","","","","","","","","1"
"scalingMode","Scaling Mode","Modo de escalado","Mode d\'escalat","","","スケーリングモード","","Skalierungsmodus","Mode de mise à l\'échelle","","","","","","","","","","","1"
"stretch","Stretch","Estirar","Estirar","","","伸縮","","Strecken","Étirer","","","","","","","","","","","1"
"center","Center","","","","","","","","","","","","","","","","","","","1"
"fit","Fit","Ajustar","Ajustar","","","フィット","","Anpassen","Ajuster","","","","","","","","","","","1"
"dontScale","Don't scale","No escalar","No escalar","","","スケールしない","","Nicht skalieren","Ne pas mettre à l\'échelle","","","","","","",,"""","","","1"
"downloadPng","Download PNG","Descargar PNG","Descargar PNG","Descarregar PNG","","","PNG ダウンロード","","PNG herunterladen","Télécharger PNG","","","","","","","","","","1"
"copyToClipboard","Copy to clipboard","Copiar al portapapeles","Copiar al portapapeles","Copiar al porta-retalls","","","クリップボードにコピー","","In Zwischenablage kopieren","Copier dans le presse-papiers","","","","","","","","","","1"
"imageCopiedToClipboard","Image copied to clipboard!","","","","","","","","","","","","","","","","","","","1"
"shareOnTwitter","Share on Twitter","","","","","","","","","","","","","","","","","","","1"
"language","Language","","","","","","","","","","","","","","","","","","","1"
"changeLanguage","Change Language [L]","Cambiar idioma [L]","Cambiar idioma [L]","Canviar Idioma [L]","更改语言 [L]","更改語言 [L]","言語を変更 [L]","Cambia Lingua [L]","Sprache Ändern [L]","Changer Langue [L]","Alterar Idioma [L]","Изменить Язык [L]","Alterar Idioma [L]","Zmień Język [L]","Dili Değiştir [L]","Hizkuntza Aldatu [L]","Cambiar Lenga [L]","เปลี่ยนภาษา [L]","","1"
"original","Original","","Original","Original","","","オリジナル","","Original","Original","","","","","","","","","","1"
"processed","Processed","","","","","","","","","","","","","","","","","","","1"
"fitToWidth","Fit to width","","Ajustar al ancho","Ajustar a l\'amplada","","","幅に合わせる","","An Breite anpassen","Ajuster à la largeur","","","","","","","","","","1"
"noImageLoaded","No image loaded","","No hay imagen cargada","No hi ha imatge carregada","未加载图像","未載入圖像","画像が読み込まれていません","Nessuna immagine caricata","Kein Bild geladen","Aucune image chargée","Nenhuma imagem carregada","Изображение не загружено","Nenhuma imagem carregada","Nie załadowano obrazu","Resim yüklenmedi","Ez da irudirik kargatu","Cap d\'imatge cargat","ไม่ได้โหลดภาพ","","1"
"zoom","Zoom","","Zoom","Zoom","","","ズーム","","Zoom","Zoom","","","","","","","","","","1"
"tileGrid","Tile grid","","","","","","","","","","","","","","","","","","","1"
"framesGrid","Frames grid","","","","","","","","","","","","","","","","","","","1"
"tileSize","Tile size","","","","","","","","","","","","","","","","","","","1"
"frameSize","Frame size","","","","","","","","","","","","","","","","","","","1"
"tileWidth","Width","","","","","","","","","","","","","","","","","","","1"
"tileHeight","Height","","","","","","","","","","","","","","","","","","","1"
"tileGridColor","Tile grid color","","Color de cuadrícula de tiles","Color de quadrícula de tiles","","","タイルグリッド色","","Kachel-Raster-Farbe","Couleur grille tuiles","","","","","","","","","","1"
"frameWidth","Width","","","","","","","","","","","","","","","","","","","1"
"frameHeight","Height","","","","","","","","","","","","","","","","","","","1"
"frameGridColor","Frame grid color","","Color de cuadrícula de frames","Color de quadrícula de fotogrames","","","フレームグリッド色","","Frame-Raster-Farbe","Couleur grille cadres","","","","","","","","","","1"
"originalIndexedPng","Original:","","","","","","","","","","","","","","","","","","","1"
"integerScaling","Integer scaling","","Escalado entero","Escalat sencer","","","整数スケーリング","","Ganzzahl-Skalierung","Mise à l\'échelle entière","","","","","","","","","","1"
"width","Width","","Ancho","Amplada","","","幅","","Breite","Largeur","","","","","","","","","","1"
"height","Height","","Alto","Alçada","","","高さ","","Höhe","Hauteur","","","","","","","","","","1"
"resolution","Resolution","","","","","","","","","","","","","","","","","","","1"
"targetResolution","Target Resolution","","Resolución objetivo","Resolució objectiu","","","ターゲット解像度","","Zielauflösung","Résolution cible","","","","","","","","","","1"
"originalSize","Original","","","","","","","","","","","","","","","","","","","1"
"keepOriginalSize","Keep original size","","Mantener tamaño original","Mantenir mida original","","","元のサイズを保持","","Originalgröße beibehalten","Conserver la taille originale","","","","","","","","","","1"
"unscaledSize","Unscaled Resolution","","Resolución sin escalar","Resolució sense escalar","","","スケールなし解像度","","Unskalierte Auflösung","Résolution non mise à l\'échelle","","","","","","","","","","1"
"removeScaling","Remove scaling from pixel art","","Eliminar escalado del pixel art","Eliminar escalat del pixel art","","","ピクセルアートからスケーリング除去","","Skalierung von Pixel Art entfernen","Supprimer la mise à l\'échelle du pixel art","","","","","","","","","","1"
"gameBoyRes",""Game Boy, Game Gear","Game Boy, Game Gear","","","","","","","","","","","","","","","","","1"
"amstradCpc0","Amstrad CPC mode 0, Commodore 64 Multicolor","","","","","","","","","","","","","","","","","","","1"
"megaDriveNtscH32","Master System, Mega Drive NTSC H32, NES PAL, SNES","","","","","","","","","","","","","","","","","","","1"
"megaDrivePalH32","""Master System PAL"," Mega Drive PAL H32, NES NTSC, Master System PAL","","","","","","","","","","","","","","","","","","1"
"neoGeoCd","Neo Geo CD","","","","","","","","","","","","","","","","","","","1"
"amstradCpc1","Amstrad CPC mode 1, Commodore 64 High-Res, Commodore Amiga Low Res NTSC, Amstrad CPC modo 1, Commodore 64 High-Res, Commodore Amiga Low Res NTSC","","","","","","","","","","","","","","","","","","","1"
"megaDriveNtscH40","Mega Drive NTSC H40, Neo Geo","","","","","","","","","","","","","","","","","","","1"
"megaDrivePalH40","Mega Drive PAL H40","","","","","","","","","","","","","","","","","","","1"
"amstradCpc2","Amstrad CPC mode 2, Commodore Amiga Hi-Res NTSC","","","","","","","","","","","","","","","","","","","1"
"amigaLowResPal","Commodore Amiga Low Res PAL","","","","","","","","","","","","","","","","","","","1"
"amigaHiResPal","Commodore Amiga Hi-Res PAL","","","","","","","","","","","","","","","","","","","1"
"msxZxSpectrum","MSX, Master System, ZX Spectrum","","","","","","","","","","","","","","","","","","","1"
"msxPlatform","MSX","","","","","","","","","","","","","","","","","","","1"
"cpsArcade","CPS1, CPS2, CPS3","","","","","","","","","","","","","","","","","","","1"
"pspPlatform","PSP","","","","","","","","","","","","","","","","","","","1"
"msxHiRes","MSX 2","","","","","MSX 2","MSX 2","","","","","","","","","","","","","1"
"gameBoyAdvance","Game Boy Advance","","","","","Game Boy Advance","Game Boy Advance","","","","","","","","","","","","","1"
"vgaAmiga","VGA, Commodore Amiga ECS", "","","","","","","","","","","","","","","","","","","1"
"stretchToFit","Stretch to fit","","","","","","","","","","","","","","","","","","","1"
"centerWithBars","Center with black bars","","","","","","","","","","","","","","","","","","","1"
"scaleToFit","Scale to fit","","","","","","","","","","","","","","","","","","","1"
"imageLoaded","Image loaded successfully!","","","","","","","","","","","","","","","","","","","1"
"imageLoadError","Failed to load image","","","","","","","","","","","","","","","","","","","1"
"imageDownloaded","Image downloaded!","","","","","","","","","","","","","","","","","","","1"
"imageTooLarge","Image too large! Maximum size is 4096x4096px","","","","","","","","","","","","","","","","","","","1"
"exportSuccess","Export completed successfully!","","","","","","","","","","","","","","","","","","","1"
"loadImageToStart","Import an image to start editing","","","","","","","","","","","","","","","","","","","1"
"originalLabel","Original:","","Original:","Original:","原始:","原始:","オリジナル:","Originale:","Original:","Original:","Original:","Оригинал:","Original:","Oryginał:","Orijinal:","Jatorrizkoa:","Original:","ต้นฉบับ:","","1"
"processedLabel","Processed:","","Procesado:","Processat:","已处理:","已處理:","処理済み:","Elaborato:","Verarbeitet:","Traité:","Processado:","Обработан:","Processado:","Przetworzony:","İşlenmiş:","Prozesatua:","Processat:","ประมวลผลแล้ว:","","1"
"canvasNotSupported","Canvas not supported","","","","","","","","","","","","","","","","","","","1"
"targetResolutionTooLarge","Target resolution too large! Maximum is 4096px","","","","","","","","","","","","","","","","","","","1"
"imageTooLargeToProcess","Image too large to process. Try a smaller image or resolution.","","","","","","","","","","","","","","","","","","","1"
"errorProcessingImage","Error processing image","","","","","","","","","","","","","","","","","","","1"
"chooseFile","Choose File","","Elegir archivo","Triar fitxer","","","ファイル選択","","Datei wählen","Choisir fichier","","","","","","","","","","1"
"noFileChosen","No file chosen","","","","","","","","","","","","","","","","","","","1"
"pageNotFound","404","","","","","","","","","","","","","","","","","","","1"
"oopsPageNotFound","Oops! Page not found","","","","","","","","","","","","","","","","","","","1"
"returnToHome","Return to Home","","","","","","","","","","","","","","","","","","","1"
"unlimitedColors","Unlimited","","Ilimitado","Il·limitat","","","無制限","","Unbegrenzt","Illimité","","","","","","","","","","1"
"gameBoyColors","4 colors (green)","","","","","","","","","","","","","","","","","","","1"
"megaDrive16","Mega Drive (sprite sheet)","","","","","","","","","","","","","","","","","","","1"
"megaDrive16Colors","16 colors (RGB 3-3-3)","","","","","","","","","","","","","","","","","","","1"
"megaDriveMultiColors","64 colors (4×16)","","","","","","","","","","","","","","","","","","","1"
"megaDriveSingleColors","16 colors (9-bit)","","","","","","","","","","","","","","","","","","","1"
"neoGeoMultiColors","4096 colors (16×256)","","","","","","","","","","","","","","","","","","","1"
"neoGeoSingleColors","16 colors (15-bit)","","","","","","","","","","","","","","","","","","","1"
"zxSpectrumColors","16 colors (4-bit)","","","","","","","","","","","","","","","","","","","1"
"cgaPalette0","CGA Palette 0","","","","","","","","","","","","","","","","","","","1"
"cgaPalette1","CGA Palette 1","","","","","","","","","","","","","","","","","","","1"
"cgaPalette2","CGA Palette 2","","","","","","","","","","","","","","","","","","","1"
"gameBoyRealistic","Game Boy (Realistic)","","","","","","","","","","","","","","","","","","","1"
"amstradCpc","Amstrad CPC","","","","","","","","","","","","","","","","","","","1"
"nesPalette","NES","","","","","","","","","","","","","","","","","","","1"
"commodore64","Commodore 64","","","","","","","","","","","","","","","","","","","1"
"zxSpectrumPalette","ZX Spectrum","","","","","","","","","","","","","","","","","","","1"
"cgaColors","4 colors (CGA)","","","","","","","","","","","","","","","","","","","1"
"amstradCpcColors","27 colors","","","","","","","","","","","","","","","","","","","1"
"nesColors","64 colors","","","","","","","","","","","","","","","","","","","1"
"commodore64Colors","16 colors","","","","","","","","","","","","","","","","","","","1"
"alignment","Alignment","","Alineación","Alineació","","","配置","","Ausrichtung","Alignement","","","","","","","","","","1"
"alignTopLeft","Top Left","","","","","","","","","","","","","","","","","","","1"
"alignTopCenter","Top Center","","","","","","","","","","","","","","","","","","","1"
"alignTopRight","Top Right","","","","","","","","","","","","","","","","","","","1"
"alignMiddleLeft","Middle Left","","","","","","","","","","","","","","","","","","","1"
"alignMiddleCenter","Middle Center","","","","","","","","","","","","","","","","","","","1"
"alignMiddleRight","Middle Right","","","","","","","","","","","","","","","","","","","1"
"alignBottomLeft","Bottom Left","","","","","","","","","","","","","","","","","","","1"
"alignBottomCenter","Bottom Center","","","","","","","","","","","","","","","","","","","1"
"alignBottomRight","Bottom Right","","","","","","","","","","","","","","","","","","","1"
"showTileGrid","Show tile grid","","Mostrar cuadrícula de tiles","Mostrar quadrícula de tiles","","","タイルグリッド表示","","Kachel-Raster zeigen","Afficher grille tuiles","","","","","","","","","","1"
"showFrameGrid","Show frame grid","","Mostrar cuadrícula de frames","Mostrar quadrícula de fotogrames","","","フレームグリッド表示","","Frame-Raster zeigen","Afficher grille cadres","","","","","","","","","","1"
"loadFromClipboard","Load from clipboard","","Cargar desde portapapeles","Carregar des del porta-retalls","","","クリップボードから読み込み","","Aus Zwischenablage laden","Charger du presse-papiers","","","","","","","","","","1"
"changeCamera","Change camera","","","","","","","","","","","","","","","","","","","1"
"cameraError","Camera Error","","","","","","","","","","","","","","","","","","","1"
"cameraNotAvailable","Camera not available or access denied","","","","","","","","","","","","","","","","","","","1"
"cameraTimeout","Camera timeout - please try again","","","","","","","","","","","","","","","","","","","1"
"cameraNotReadable","Could not start camera - please check permissions","","","","","","","","","","","","","","","","","","","1"
"exportAtCurrentZoom","Export at current zoom","","Exportar al zoom actual","Exportar al zoom actual","以当前缩放导出","以目前縮放匯出","現在のズームでエクスポート","Esporta allo zoom corrente","Mit aktuellem Zoom exportieren","Exporter au zoom actuel","Exportar no zoom atual","Экспорт с текущим зумом","Exportar no zoom atual","Eksportuj w bieżącym powiększeniu","Mevcut yakınlaştırmada dışa aktar","Uneko zoom-ean esportatu","Exportar al zoom actual","ส่งออกที่การซูมปัจจุบัน","","1"
"exportAtOriginalSize","Export at original size","","","","","","","","","","","","","","","","","","","1"
"exportWithGrids","Export with grids","","Exportar con rejillas","Exportar amb quadrícules","导出包含网格","匯出包含網格","グリッド付きでエクスポート","Esporta con griglie","Mit Rastern exportieren","Exporter avec grilles","Exportar com grelhas","Экспорт с сетками","Exportar com grades","Eksportuj z siatkami","Izgaralarla dışa aktar","Saretiekin esportatu","Exportar amb grilhas","ส่งออกพร้อมเส้นตาราง","","1"
"exportWithoutGrids","Export without grids","","","","","","","","","","","","","","","","","","","1"
"exportFormat","Export Format","","Formato de exportación","Format d\'Exportació","导出格式","匯出格式","エクスポート形式","Formato di Esportazione","Exportformat","Format d\'Exportation","Formato de Exportação","Формат Экспорта","Formato de Exportação","Format Eksportu","Dışa Aktarma Formatı","Esportazio Formatua","Format d\'Exportacion","รูปแบบการส่งออก","","1"
"exportTypes","Export Types","","Tipos de exportación","Tipus d\'Exportació","导出类型","匯出類型","エクスポートタイプ","Tipi di Esportazione","Exporttypen","Types d\'Exportation","Tipos de Exportação","Типы Экспорта","Tipos de Exportação","Typy Eksportu","Dışa Aktarma Türleri","Esportazio Motak","Tipes d\'Exportacion","ประเภทการส่งออก","","1"
"loadImageDescription","Import, capture, or paste an image to start editing","Importa, captura o pega una imagen para empezar a editar","","","","","","","","","","","","","","","","","","1"
"changePaletteDescription","Select a retro console color palette to apply","","","","","","","","","","","","","","","","","","","1"
"changeResolutionDescription","Choose target resolution and scaling mode","","","","","","","","","","","","","","","","","","","1"
"changeGridsDescription","Configure tile and frame grid overlays","","","","","","","","","","","","","","","","","","","1"
"exportImageDescription","Download or share your processed image","","","","","","","","","","","","","","","","","","","1"
"zoomedResolution","zoomed","","","","","","","","","","","","","","","","","","","1"
"zoomedDimensions","({width}×{height} zoomed)","({width}×{height} ampliado)","({width}×{height} ampliado)","({width}×{height} ampliat)","({width}×{height} 缩放)","({width}×{height} 縮放)","({width}×{height} ズーム)","({width}×{height} ingrandito)","({width}×{height} vergrößert)","({width}×{height} zoomé)","({width}×{height} ampliado)","({width}×{height} увеличенный)","","","","","","","","1"
"png8IndexedFormat","PNG-8 Indexed ({count} colors palette)","PNG-8 indexado ({count} colores paleta)","PNG-8 indexado (paleta de {count} colores)","PNG-8 Indexat (paleta de {count} colors)","PNG-8 索引 ({count}色调色板)","PNG-8 索引 ({count}色調色板)","PNG-8 インデックス ({count}色パレット)","PNG-8 Indicizzato (tavolozza di {count} colori)","PNG-8 Indiziert ({count} Farben Palette)","PNG-8 Indexé (palette de {count} couleurs)","PNG-8 Indexado (paleta de {count} cores)","PNG-8 Индексированный (палитра из {count} цветов)","","","","","","","","1"
"png24IndexedFormat","PNG-24 Indexed ({count} colors palette)","PNG-24 indexada (paleta de {count} colores)","PNG-24 indexada (paleta de {count} colores)","PNG-24 Indexat (paleta de {count} colors)","PNG-24 索引 ({count}色调色板)","PNG-24 索引 ({count}色調色板)","PNG-24 インデックス ({count}色パレット)","PNG-24 Indicizzato (tavolozza di {count} colori)","PNG-24 Indiziert ({count} Farben Palette)","PNG-24 Indexé (palette de {count} couleurs)","","","","","","","","","","1"
"png24RgbFormat","PNG-24 RGB","","PNG-24 RGB","PNG-24 RGB","PNG-24 RGB","PNG-24 RGB","PNG-24 RGB","PNG-24 RGB","PNG-24 RGB","PNG-24 RGB","PNG-24 RGB","PNG-24 RGB","","","","","","","","1"
"captureButton","Capture","Capturar","Capturar","Capturar","拍摄","拍攝","キャプチャ","Cattura","Aufnehmen","Capturer","Capturar","Снимок","","","","","","","","1"
"languageNames.en","English","English","","","","","","","","","","","","","","","","","","1"
"languageNames.es-ES","Español (España)","Español (España)","","","","","","","","","","","","","","","","","","1"
"languageNames.es-LA","Español (Latinoamérica)","","","","","","","","","","","","","","","","","","","1"
"languageNames.ca","Català","","","","","","","","","","","","","","","","","","","1"
"languageNames.zh-CN","简体中文","","","","","","","","","","","","","","","","","","","1"
"languageNames.zh-TW","繁體中文","","","","","","","","","","","","","","","","","","","1"
"languageNames.ja","日本語","","","","","","","","","","","","","","","","","","","1"
"languageNames.it","Italiano","","","","","","","","","","","","","","","","","","","1"
"languageNames.de","Deutsch","","","","","","","","","","","","","","","","","","","1"
"languageNames.fr","Français","","","","","","","","","","","","","","","","","","","1"
"languageNames.pt-PT","Português (Portugal)","","","","","","","","","","","","","","","","","","","1"
"languageNames.ru","Русский","","","","","","","","","","","","","","","","","","","1"
"languageNames.pt-BR","Português (Brasil)","","","","","","","","","","","","","","","","","","","1"
"languageNames.pl","Polski","","","","","","","","","","","","","","","","","","","1"
"languageNames.tr","Türkçe","","","","","","","","","","","","","","","","","","","1"
"languageNames.eu","Euskera","","","","","","","","","","","","","","","","","","","1"
"languageNames.oc","Aranés","","","","","","","","","","","","","","","","","","","1"
"languageNames.th","ไทย","","","","","","","","","","","","","","","","","","","1"
"languageNames.ko","한국어","","","","","","","","","","","","","","","","","","","1"
"languageNames.cs","Čeština","","","","","","","","","","","","","","","","","","","1"
"noImageFoundInClipboard","No image found in clipboard","","","","","","","","","","","","","","","","","","","1"
"failedToReadClipboard","Failed to read clipboard. Please make sure you have an image copied.","","","","","","","","","","","","","","","","","","","1"
"pleaseDropImageFile","Please drop an image file","","","","","","","","","","","","","","","","","","","1"
"clipboardError","Failed to copy image to clipboard","","","","","","","","","","","","","","","","","","","1"
"copyImageError","Failed to copy image to clipboard","","","","","","","","","","","","","","","","","","","1"
"clickToChangeColor","Click in a color to edit it or drag it to change its position within the palette","","Haz clic en un color para editarlo o arrástralo para cambiar su posición en la paleta","Fes clic en un color per editar-lo o arrossega-ho per canviar la seva posició dins la paleta","点击颜色进行编辑或拖动以更改其在调色板中的位置","點擊顏色進行編輯或拖動以更改其在調色板中的位置","色をクリックして編集するか、ドラッグしてパレット内の位置を変更します","Clicca su un colore per modificarlo o trascinalo per cambiare la sua posizione nella tavolozza","Klicken Sie auf eine Farbe, um sie zu bearbeiten, oder ziehen Sie sie, um ihre Position in der Palette zu ändern","Cliquez sur une couleur pour la modifier ou faites-la glisser pour changer sa position dans la palette","Clique numa cor para editá-la ou arraste-a para alterar a sua posição na paleta","Нажмите на цвет, чтобы изменить его, или перетащите, чтобы изменить его позицию в палитре","","","","","","","","1"
"dropboxComingSoon","Dropbox integration coming soon!","","","","","","","","","","","","","","","","","","","1"
"googleDriveComingSoon","Google Drive integration coming soon!","","","","","","","","","","","","","","","","","","","1"
"selectCamera","Select camera","Seleccionar cámara","Seleccionar càmera","","","カメラ選択","","Kamera auswählen","Sélectionner caméra","","","","","","","","","","","1"
"noCamerasDetected","No cameras detected, please close and try again after connecting, activating and enabling a camera","","","","","","","","","","","","","","","","","","","1"
"camera1","Camera 1","","","","","","","","","","","","","","","","","","","1"
"camera2","Camera 2","","","","","","","","","","","","","","","","","","","1"
"camera3","Camera 3","","","","","","","","","","","","","","","","","","","1"
"png8Indexed","PNG-8 Indexed","PNG-8 indexada","PNG-8 indexada","PNG-8 Indexat","PNG-8 索引","PNG-8 索引","PNG-8 インデックス","PNG-8 Indicizzato","PNG-8 Indiziert","PNG-8 Indexé","PNG-8 Indexado","PNG-8 Индексированный","PNG-8 Indexado","PNG-8 Indeksowany","PNG-8 İndeksli","PNG-8 Indexatua","PNG-8 Indexat","PNG-8 ดัชนี","","1"
"zoomed","zoomed","","ampliado","ampliat","缩放","縮放","ズーム","ingrandito","vergrößert","zoomé","ampliado","увеличенный","ampliado","powiększony","yakınlaştırılmış","handitua","agrandit","ซูม","","1"
"changePalette","Change Palette [P]","","Cambiar paleta [P]","Canviar Paleta [P]","更改调色板 [P]","更改調色板 [P]","パレット変更 [P]","Cambia Tavolozza [P]","Palette ändern [P]","Changer Palette [P]","Alterar Paleta [P]","Изменить палитру [P]","Alterar Paleta [P]","Zmień paletę [P]","Paleti Değiştir [P]","Aldatu Paleta [P]","Cambiar Paleta [P]","เปลี่ยนพาเลท [P]","","1"
